text,content,date,source
Market update: crypto still evaluating trends,This article analyzes why crypto still evaluating trends...,2025-10-02 21:11:51.835102,CryptoNews
Market update: volatility is pumping!,This article analyzes why volatility is pumping!...,2025-10-03 07:17:58.835118,CryptoNews
Market update: liquidity heading to the moon,This article analyzes why liquidity heading to the moon...,2025-10-03 11:25:03.835128,CryptoNews
Market update: bull market massive upside potential,This article analyzes why bull market massive upside potential...,2025-10-02 22:26:42.835136,CryptoNews
Market update: ETH market undecided,This article analyzes why eth market undecided...,2025-10-03 16:19:30.835143,CryptoNews
Market update: liquidity market looks shaky,This article analyzes why liquidity market looks shaky...,2025-10-02 21:05:51.835150,CryptoNews
Market update: volatility weak support levels,This article analyzes why volatility weak support levels...,2025-10-02 23:44:54.835157,CryptoNews
Market update: altcoins heading to the moon,This article analyzes why altcoins heading to the moon...,2025-10-03 09:00:47.835162,CryptoNews
Market update: bull market still evaluating trends,This article analyzes why bull market still evaluating trends...,2025-10-03 14:19:23.835168,CryptoNews
Market update: BTC major dump happening,This article analyzes why btc major dump happening...,2025-10-03 08:21:43.835173,CryptoNews
Market update: whales is pumping!,This article analyzes why whales is pumping!...,2025-10-03 14:38:20.835179,CryptoNews
Market update: BTC market looks shaky,This article analyzes why btc market looks shaky...,2025-10-03 13:09:16.835184,CryptoNews
Market update: SOL weak support levels,This article analyzes why sol weak support levels...,2025-10-03 07:29:20.835190,CryptoNews
Market update: altcoins solid volume today,This article analyzes why altcoins solid volume today...,2025-10-03 08:11:54.835195,CryptoNews
Market update: halving heading to the moon,This article analyzes why halving heading to the moon...,2025-10-03 10:34:19.835200,CryptoNews
Market update: blockchain market looks shaky,This article analyzes why blockchain market looks shaky...,2025-10-03 13:21:18.835206,CryptoNews
Market update: BTC market undecided,This article analyzes why btc market undecided...,2025-10-03 05:21:13.835211,CryptoNews
Market update: volatility interesting on-chain data,This article analyzes why volatility interesting on-chain data...,2025-10-03 14:56:56.835217,CryptoNews
Market update: ETH solid volume today,This article analyzes why eth solid volume today...,2025-10-03 08:23:21.835223,CryptoNews
Market update: bull market weak support levels,This article analyzes why bull market weak support levels...,2025-10-03 18:38:31.835228,CryptoNews
Market update: whales market looks shaky,This article analyzes why whales market looks shaky...,2025-10-03 04:23:53.835233,CryptoNews
Market update: Ethereum still evaluating trends,This article analyzes why ethereum still evaluating trends...,2025-10-03 00:36:48.835239,CryptoNews
Market update: BTC major dump happening,This article analyzes why btc major dump happening...,2025-10-03 08:49:33.835244,CryptoNews
Market update: memecoin bullish setup,This article analyzes why memecoin bullish setup...,2025-10-03 18:51:48.835249,CryptoNews
Market update: whales bullish setup,This article analyzes why whales bullish setup...,2025-10-03 04:52:30.835255,CryptoNews
Market update: Bitcoin bullish setup,This article analyzes why bitcoin bullish setup...,2025-10-03 03:22:29.835260,CryptoNews
Market update: crypto solid volume today,This article analyzes why crypto solid volume today...,2025-10-03 06:56:10.835266,CryptoNews
Market update: liquidity bearish signal,This article analyzes why liquidity bearish signal...,2025-10-03 15:59:30.835271,CryptoNews
Market update: ETH major dump happening,This article analyzes why eth major dump happening...,2025-10-03 04:47:04.835276,CryptoNews
Market update: crypto huge breakout coming,This article analyzes why crypto huge breakout coming...,2025-10-03 10:14:24.835281,CryptoNews
Market update: volatility is pumping!,This article analyzes why volatility is pumping!...,2025-10-03 04:47:52.835286,CryptoNews
Market update: blockchain bullish setup,This article analyzes why blockchain bullish setup...,2025-10-03 06:00:38.835291,CryptoNews
Market update: ETH huge breakout coming,This article analyzes why eth huge breakout coming...,2025-10-03 19:10:30.835297,CryptoNews
Market update: crypto massive upside potential,This article analyzes why crypto massive upside potential...,2025-10-03 13:21:16.835302,CryptoNews
Market update: SOL is pumping!,This article analyzes why sol is pumping!...,2025-10-03 14:17:37.835307,CryptoNews
Market update: bull market is crashing...,This article analyzes why bull market is crashing......,2025-10-03 19:28:37.835313,CryptoNews
Market update: whales is pumping!,This article analyzes why whales is pumping!...,2025-10-03 00:17:01.835318,CryptoNews
Market update: memecoin massive upside potential,This article analyzes why memecoin massive upside potential...,2025-10-03 05:24:03.835323,CryptoNews
Market update: blockchain huge breakout coming,This article analyzes why blockchain huge breakout coming...,2025-10-03 03:11:59.835328,CryptoNews
Market update: Bitcoin bearish signal,This article analyzes why bitcoin bearish signal...,2025-10-03 07:20:47.835333,CryptoNews
Market update: volatility market undecided,This article analyzes why volatility market undecided...,2025-10-03 09:30:07.835339,CryptoNews
Market update: volatility interesting on-chain data,This article analyzes why volatility interesting on-chain data...,2025-10-02 21:11:34.835344,CryptoNews
Market update: Bitcoin still evaluating trends,This article analyzes why bitcoin still evaluating trends...,2025-10-03 02:22:50.835350,CryptoNews
Market update: volatility major dump happening,This article analyzes why volatility major dump happening...,2025-10-02 21:12:27.835355,CryptoNews
Market update: altcoins still evaluating trends,This article analyzes why altcoins still evaluating trends...,2025-10-03 10:43:21.835360,CryptoNews
Market update: Solana looks strong today,This article analyzes why solana looks strong today...,2025-10-03 10:00:02.835365,CryptoNews
Market update: blockchain interesting on-chain data,This article analyzes why blockchain interesting on-chain data...,2025-10-03 07:00:49.835370,CryptoNews
Market update: bear market looks strong today,This article analyzes why bear market looks strong today...,2025-10-03 15:32:05.835376,CryptoNews
Market update: blockchain weak support levels,This article analyzes why blockchain weak support levels...,2025-10-03 11:02:16.835381,CryptoNews
Market update: SOL market looks shaky,This article analyzes why sol market looks shaky...,2025-10-03 01:09:46.835386,CryptoNews
Market update: crypto is pumping!,This article analyzes why crypto is pumping!...,2025-10-03 07:27:38.835394,CryptoNews
Market update: SOL bullish setup,This article analyzes why sol bullish setup...,2025-10-03 16:16:02.835400,CryptoNews
Market update: Ethereum solid volume today,This article analyzes why ethereum solid volume today...,2025-10-02 22:05:43.835406,CryptoNews
Market update: crypto major dump happening,This article analyzes why crypto major dump happening...,2025-10-02 22:26:15.835412,CryptoNews
Market update: ETH major dump happening,This article analyzes why eth major dump happening...,2025-10-03 01:28:23.835417,CryptoNews
Market update: liquidity heading to the moon,This article analyzes why liquidity heading to the moon...,2025-10-03 20:21:58.835422,CryptoNews
Market update: halving heading to the moon,This article analyzes why halving heading to the moon...,2025-10-03 19:49:43.835427,CryptoNews
Market update: BTC looks strong today,This article analyzes why btc looks strong today...,2025-10-03 18:39:21.835432,CryptoNews
Market update: memecoin sell-off incoming,This article analyzes why memecoin sell-off incoming...,2025-10-03 06:06:09.835437,CryptoNews
Market update: halving huge breakout coming,This article analyzes why halving huge breakout coming...,2025-10-03 16:08:44.835442,CryptoNews
Market update: Solana interesting on-chain data,This article analyzes why solana interesting on-chain data...,2025-10-03 04:39:59.835447,CryptoNews
Market update: altcoins interesting on-chain data,This article analyzes why altcoins interesting on-chain data...,2025-10-02 21:49:04.835452,CryptoNews
Market update: Solana heading to the moon,This article analyzes why solana heading to the moon...,2025-10-03 04:50:00.835457,CryptoNews
Market update: crypto heading to the moon,This article analyzes why crypto heading to the moon...,2025-10-03 10:50:44.835462,CryptoNews
Market update: halving solid volume today,This article analyzes why halving solid volume today...,2025-10-02 21:44:03.835469,CryptoNews
Market update: Bitcoin looks strong today,This article analyzes why bitcoin looks strong today...,2025-10-03 20:01:19.835474,CryptoNews
Market update: altcoins market undecided,This article analyzes why altcoins market undecided...,2025-10-03 12:07:42.835480,CryptoNews
Market update: BTC is pumping!,This article analyzes why btc is pumping!...,2025-10-03 15:15:15.835485,CryptoNews
Market update: halving sell-off incoming,This article analyzes why halving sell-off incoming...,2025-10-03 05:18:32.835490,CryptoNews
Market update: bear market is crashing...,This article analyzes why bear market is crashing......,2025-10-03 08:52:54.835495,CryptoNews
Market update: Solana interesting on-chain data,This article analyzes why solana interesting on-chain data...,2025-10-03 00:10:05.835500,CryptoNews
Market update: halving looks strong today,This article analyzes why halving looks strong today...,2025-10-03 18:39:19.835505,CryptoNews
Market update: bear market huge breakout coming,This article analyzes why bear market huge breakout coming...,2025-10-03 08:57:06.835510,CryptoNews
Market update: BTC heading to the moon,This article analyzes why btc heading to the moon...,2025-10-03 12:12:52.835515,CryptoNews
Market update: bear market massive upside potential,This article analyzes why bear market massive upside potential...,2025-10-03 00:47:22.835520,CryptoNews
Market update: liquidity bearish signal,This article analyzes why liquidity bearish signal...,2025-10-03 17:46:33.835525,CryptoNews
Market update: Ethereum trading sideways,This article analyzes why ethereum trading sideways...,2025-10-03 16:41:28.835532,CryptoNews
Market update: volatility bullish setup,This article analyzes why volatility bullish setup...,2025-10-03 13:36:25.835538,CryptoNews
Market update: Bitcoin trading sideways,This article analyzes why bitcoin trading sideways...,2025-10-02 21:42:06.835544,CryptoNews
Market update: SOL major dump happening,This article analyzes why sol major dump happening...,2025-10-03 03:03:40.835550,CryptoNews
Market update: crypto weak support levels,This article analyzes why crypto weak support levels...,2025-10-03 03:56:06.835555,CryptoNews
Market update: liquidity market looks shaky,This article analyzes why liquidity market looks shaky...,2025-10-03 09:35:28.835563,CryptoNews
Market update: volatility interesting on-chain data,This article analyzes why volatility interesting on-chain data...,2025-10-02 23:12:15.835569,CryptoNews
Market update: memecoin sell-off incoming,This article analyzes why memecoin sell-off incoming...,2025-10-03 05:03:16.835574,CryptoNews
Market update: bull market major dump happening,This article analyzes why bull market major dump happening...,2025-10-03 07:58:25.835580,CryptoNews
Market update: whales interesting on-chain data,This article analyzes why whales interesting on-chain data...,2025-10-03 16:10:57.835585,CryptoNews
Market update: whales is pumping!,This article analyzes why whales is pumping!...,2025-10-03 06:58:20.835590,CryptoNews
Market update: SOL is pumping!,This article analyzes why sol is pumping!...,2025-10-02 23:58:48.835595,CryptoNews
Market update: Ethereum trading sideways,This article analyzes why ethereum trading sideways...,2025-10-03 06:20:58.835600,CryptoNews
Market update: liquidity weak support levels,This article analyzes why liquidity weak support levels...,2025-10-03 06:14:35.835605,CryptoNews
Market update: bear market interesting on-chain data,This article analyzes why bear market interesting on-chain data...,2025-10-03 06:43:38.835611,CryptoNews
Market update: memecoin weak support levels,This article analyzes why memecoin weak support levels...,2025-10-03 05:18:20.835616,CryptoNews
Market update: whales market undecided,This article analyzes why whales market undecided...,2025-10-03 10:47:57.835622,CryptoNews
Market update: halving is pumping!,This article analyzes why halving is pumping!...,2025-10-03 12:43:02.835628,CryptoNews
Market update: ETH sell-off incoming,This article analyzes why eth sell-off incoming...,2025-10-03 13:56:08.835633,CryptoNews
Market update: bull market major dump happening,This article analyzes why bull market major dump happening...,2025-10-03 14:59:41.835639,CryptoNews
Market update: BTC heading to the moon,This article analyzes why btc heading to the moon...,2025-10-03 19:39:53.835644,CryptoNews
Market update: bull market market looks shaky,This article analyzes why bull market market looks shaky...,2025-10-03 12:51:11.835649,CryptoNews
Market update: crypto market looks shaky,This article analyzes why crypto market looks shaky...,2025-10-03 09:57:16.835654,CryptoNews
Market update: Bitcoin is crashing...,This article analyzes why bitcoin is crashing......,2025-10-03 15:21:21.835659,CryptoNews
