body,title,date,subreddit
Bitcoin interesting on-chain data,Discussion about volatility,2025-10-03 09:33:43.832492,CryptoCurrency
halving massive upside potential,Discussion about altcoins,2025-10-03 04:47:21.832512,CryptoCurrency
bear market bullish setup,Discussion about ETH,2025-10-03 09:21:07.832522,CryptoCurrency
volatility huge breakout coming,Discussion about altcoins,2025-10-03 06:55:01.832530,CryptoCurrency
bull market bullish setup,Discussion about Bitcoin,2025-10-03 09:02:18.832542,CryptoCurrency
BTC heading to the moon,Discussion about whales,2025-10-03 03:58:01.832550,CryptoCurrency
memecoin bearish signal,Discussion about BTC,2025-10-03 01:11:16.832557,CryptoCurrency
crypto looks strong today,Discussion about Bitcoin,2025-10-03 09:14:01.832563,CryptoCurrency
bear market market looks shaky,Discussion about blockchain,2025-10-03 11:38:38.832570,CryptoCurrency
BTC huge breakout coming,Discussion about bear market,2025-10-03 19:33:51.832575,CryptoCurrency
BTC heading to the moon,Discussion about Ethereum,2025-10-03 12:34:05.832581,CryptoCurrency
bear market market looks shaky,Discussion about volatility,2025-10-03 03:41:12.832587,CryptoCurrency
halving weak support levels,Discussion about liquidity,2025-10-03 18:14:28.832592,CryptoCurrency
blockchain interesting on-chain data,Discussion about volatility,2025-10-03 03:19:54.832598,CryptoCurrency
altcoins heading to the moon,Discussion about altcoins,2025-10-02 23:02:00.832604,CryptoCurrency
bull market heading to the moon,Discussion about crypto,2025-10-03 01:51:36.832609,CryptoCurrency
liquidity major dump happening,Discussion about volatility,2025-10-02 22:03:31.832615,CryptoCurrency
bear market is pumping!,Discussion about Ethereum,2025-10-03 07:32:13.832620,CryptoCurrency
whales weak support levels,Discussion about ETH,2025-10-03 13:15:33.832626,CryptoCurrency
altcoins bullish setup,Discussion about ETH,2025-10-02 22:10:42.832631,CryptoCurrency
memecoin massive upside potential,Discussion about bull market,2025-10-02 21:49:22.832637,CryptoCurrency
memecoin massive upside potential,Discussion about halving,2025-10-03 01:55:46.832642,CryptoCurrency
whales massive upside potential,Discussion about blockchain,2025-10-03 10:44:09.832648,CryptoCurrency
halving looks strong today,Discussion about ETH,2025-10-03 17:23:00.832653,CryptoCurrency
blockchain weak support levels,Discussion about altcoins,2025-10-02 22:58:34.832658,CryptoCurrency
SOL heading to the moon,Discussion about volatility,2025-10-03 13:06:15.832664,CryptoCurrency
bear market looks strong today,Discussion about SOL,2025-10-02 21:59:53.832669,CryptoCurrency
Ethereum massive upside potential,Discussion about whales,2025-10-02 21:58:42.832675,CryptoCurrency
whales is crashing...,Discussion about crypto,2025-10-03 13:56:40.832680,CryptoCurrency
halving massive upside potential,Discussion about bear market,2025-10-03 02:03:05.832686,CryptoCurrency
Bitcoin bullish setup,Discussion about ETH,2025-10-03 15:38:37.832691,CryptoCurrency
liquidity sell-off incoming,Discussion about memecoin,2025-10-03 20:36:28.832696,CryptoCurrency
bear market interesting on-chain data,Discussion about crypto,2025-10-02 23:07:37.832703,CryptoCurrency
crypto solid volume today,Discussion about volatility,2025-10-03 20:44:47.832708,CryptoCurrency
blockchain weak support levels,Discussion about halving,2025-10-03 09:18:00.832714,CryptoCurrency
volatility weak support levels,Discussion about liquidity,2025-10-02 21:55:05.832720,CryptoCurrency
blockchain bearish signal,Discussion about ETH,2025-10-03 15:19:24.832725,CryptoCurrency
Bitcoin sell-off incoming,Discussion about SOL,2025-10-03 13:20:24.832731,CryptoCurrency
SOL still evaluating trends,Discussion about whales,2025-10-03 15:00:25.832736,CryptoCurrency
bull market is pumping!,Discussion about SOL,2025-10-03 19:30:32.832741,CryptoCurrency
Ethereum bullish setup,Discussion about Bitcoin,2025-10-03 06:25:50.832747,CryptoCurrency
whales solid volume today,Discussion about bear market,2025-10-03 04:57:44.832753,CryptoCurrency
BTC is crashing...,Discussion about Ethereum,2025-10-02 23:40:30.832759,CryptoCurrency
blockchain trading sideways,Discussion about Solana,2025-10-03 13:32:50.832769,CryptoCurrency
crypto interesting on-chain data,Discussion about liquidity,2025-10-03 10:11:02.832775,CryptoCurrency
ETH huge breakout coming,Discussion about liquidity,2025-10-03 01:05:44.832781,CryptoCurrency
altcoins looks strong today,Discussion about ETH,2025-10-03 13:31:24.832786,CryptoCurrency
altcoins is crashing...,Discussion about memecoin,2025-10-03 20:43:31.832792,CryptoCurrency
SOL market undecided,Discussion about Ethereum,2025-10-03 18:37:48.832798,CryptoCurrency
Solana sell-off incoming,Discussion about Bitcoin,2025-10-03 10:32:42.832804,CryptoCurrency
halving bearish signal,Discussion about bull market,2025-10-03 11:40:41.832809,CryptoCurrency
Solana market undecided,Discussion about bear market,2025-10-03 00:08:38.832815,CryptoCurrency
blockchain trading sideways,Discussion about liquidity,2025-10-03 01:19:06.832821,CryptoCurrency
Solana looks strong today,Discussion about crypto,2025-10-03 17:23:35.832827,CryptoCurrency
Bitcoin is pumping!,Discussion about halving,2025-10-03 08:09:45.832832,CryptoCurrency
altcoins sell-off incoming,Discussion about crypto,2025-10-03 01:49:30.832837,CryptoCurrency
volatility trading sideways,Discussion about SOL,2025-10-03 19:19:10.832842,CryptoCurrency
whales sell-off incoming,Discussion about altcoins,2025-10-03 14:40:23.832848,CryptoCurrency
ETH bullish setup,Discussion about Bitcoin,2025-10-03 05:41:04.832853,CryptoCurrency
blockchain looks strong today,Discussion about memecoin,2025-10-03 18:40:39.832859,CryptoCurrency
Solana weak support levels,Discussion about crypto,2025-10-03 11:28:23.832864,CryptoCurrency
memecoin heading to the moon,Discussion about liquidity,2025-10-03 00:54:18.832870,CryptoCurrency
liquidity weak support levels,Discussion about bear market,2025-10-03 07:42:38.832875,CryptoCurrency
altcoins weak support levels,Discussion about Bitcoin,2025-10-03 14:15:59.832880,CryptoCurrency
bear market solid volume today,Discussion about blockchain,2025-10-02 22:02:05.832887,CryptoCurrency
BTC sell-off incoming,Discussion about halving,2025-10-03 18:49:28.832906,CryptoCurrency
altcoins heading to the moon,Discussion about bear market,2025-10-03 13:15:19.832929,CryptoCurrency
Ethereum massive upside potential,Discussion about whales,2025-10-02 21:33:01.832938,CryptoCurrency
memecoin solid volume today,Discussion about Solana,2025-10-03 14:34:58.832946,CryptoCurrency
liquidity heading to the moon,Discussion about whales,2025-10-03 01:08:14.832952,CryptoCurrency
blockchain bullish setup,Discussion about SOL,2025-10-03 08:15:47.832958,CryptoCurrency
ETH still evaluating trends,Discussion about BTC,2025-10-02 23:41:11.832963,CryptoCurrency
halving sell-off incoming,Discussion about ETH,2025-10-03 08:05:56.832969,CryptoCurrency
memecoin solid volume today,Discussion about Solana,2025-10-03 01:09:40.832974,CryptoCurrency
memecoin is pumping!,Discussion about ETH,2025-10-03 14:19:28.832980,CryptoCurrency
volatility massive upside potential,Discussion about liquidity,2025-10-03 03:57:17.832985,CryptoCurrency
BTC market undecided,Discussion about bear market,2025-10-03 17:31:17.832993,CryptoCurrency
SOL market undecided,Discussion about whales,2025-10-03 13:20:41.832999,CryptoCurrency
volatility looks strong today,Discussion about Bitcoin,2025-10-03 18:31:41.833009,CryptoCurrency
halving looks strong today,Discussion about Ethereum,2025-10-02 21:21:45.833016,CryptoCurrency
volatility heading to the moon,Discussion about Ethereum,2025-10-03 10:04:47.833024,CryptoCurrency
crypto is pumping!,Discussion about Solana,2025-10-03 05:48:37.833031,CryptoCurrency
BTC sell-off incoming,Discussion about blockchain,2025-10-03 16:22:24.833037,CryptoCurrency
halving weak support levels,Discussion about SOL,2025-10-03 08:26:11.833043,CryptoCurrency
blockchain massive upside potential,Discussion about bull market,2025-10-02 22:17:12.833049,CryptoCurrency
volatility sell-off incoming,Discussion about whales,2025-10-03 13:35:09.833055,CryptoCurrency
volatility is pumping!,Discussion about Ethereum,2025-10-03 08:33:48.833061,CryptoCurrency
altcoins major dump happening,Discussion about Bitcoin,2025-10-03 10:32:17.833067,CryptoCurrency
bear market still evaluating trends,Discussion about volatility,2025-10-03 05:12:38.833073,CryptoCurrency
SOL bullish setup,Discussion about volatility,2025-10-03 09:17:58.833078,CryptoCurrency
Solana huge breakout coming,Discussion about Bitcoin,2025-10-03 01:13:47.833084,CryptoCurrency
blockchain market undecided,Discussion about liquidity,2025-10-02 21:44:12.833089,CryptoCurrency
liquidity weak support levels,Discussion about BTC,2025-10-03 19:09:55.833095,CryptoCurrency
Bitcoin bearish signal,Discussion about halving,2025-10-02 23:03:48.833101,CryptoCurrency
memecoin is pumping!,Discussion about bull market,2025-10-03 01:29:44.833106,CryptoCurrency
ETH interesting on-chain data,Discussion about crypto,2025-10-03 15:44:54.833112,CryptoCurrency
BTC sell-off incoming,Discussion about memecoin,2025-10-03 14:28:43.833117,CryptoCurrency
whales trading sideways,Discussion about altcoins,2025-10-03 03:24:10.833122,CryptoCurrency
Bitcoin looks strong today,Discussion about BTC,2025-10-03 07:31:19.833127,CryptoCurrency
whales bullish setup,Discussion about blockchain,2025-10-03 02:24:48.833132,CryptoCurrency
SOL bearish signal,Discussion about bull market,2025-10-03 10:28:01.833137,CryptoCurrency
BTC huge breakout coming,Discussion about halving,2025-10-03 14:59:20.833143,CryptoCurrency
volatility interesting on-chain data,Discussion about liquidity,2025-10-03 01:18:27.833149,CryptoCurrency
Bitcoin looks strong today,Discussion about Ethereum,2025-10-03 00:45:47.833154,CryptoCurrency
altcoins is crashing...,Discussion about memecoin,2025-10-03 04:42:30.833159,CryptoCurrency
crypto bullish setup,Discussion about bear market,2025-10-03 18:01:22.833165,CryptoCurrency
blockchain looks strong today,Discussion about halving,2025-10-03 16:23:27.833170,CryptoCurrency
halving market looks shaky,Discussion about Ethereum,2025-10-03 08:56:16.833175,CryptoCurrency
Bitcoin solid volume today,Discussion about crypto,2025-10-03 17:28:44.833182,CryptoCurrency
Bitcoin interesting on-chain data,Discussion about liquidity,2025-10-03 08:40:47.833188,CryptoCurrency
BTC is pumping!,Discussion about halving,2025-10-03 10:13:11.833194,CryptoCurrency
crypto looks strong today,Discussion about Bitcoin,2025-10-03 18:59:30.833199,CryptoCurrency
SOL weak support levels,Discussion about liquidity,2025-10-02 21:48:28.833204,CryptoCurrency
bull market huge breakout coming,Discussion about liquidity,2025-10-03 00:55:57.833209,CryptoCurrency
halving still evaluating trends,Discussion about ETH,2025-10-03 09:02:20.833214,CryptoCurrency
Solana heading to the moon,Discussion about blockchain,2025-10-03 03:01:07.833220,CryptoCurrency
Solana bullish setup,Discussion about altcoins,2025-10-03 09:12:24.833225,CryptoCurrency
blockchain huge breakout coming,Discussion about altcoins,2025-10-03 15:36:14.833233,CryptoCurrency
SOL heading to the moon,Discussion about Solana,2025-10-03 17:41:00.833248,CryptoCurrency
Solana weak support levels,Discussion about crypto,2025-10-02 23:38:28.833254,CryptoCurrency
bear market weak support levels,Discussion about Solana,2025-10-03 16:52:51.833260,CryptoCurrency
Ethereum market undecided,Discussion about bear market,2025-10-03 07:08:51.833265,CryptoCurrency
bear market weak support levels,Discussion about volatility,2025-10-03 01:48:25.833270,CryptoCurrency
altcoins solid volume today,Discussion about crypto,2025-10-03 09:55:32.833276,CryptoCurrency
crypto heading to the moon,Discussion about BTC,2025-10-03 09:28:30.833281,CryptoCurrency
ETH bullish setup,Discussion about blockchain,2025-10-03 00:44:55.833286,CryptoCurrency
BTC is pumping!,Discussion about blockchain,2025-10-03 16:24:28.833291,CryptoCurrency
SOL heading to the moon,Discussion about bull market,2025-10-03 14:39:21.833296,CryptoCurrency
whales heading to the moon,Discussion about Solana,2025-10-03 12:25:12.833303,CryptoCurrency
Solana is crashing...,Discussion about SOL,2025-10-03 05:57:18.833309,CryptoCurrency
altcoins market looks shaky,Discussion about bear market,2025-10-03 12:51:06.833314,CryptoCurrency
bear market looks strong today,Discussion about Bitcoin,2025-10-03 07:34:46.833319,CryptoCurrency
whales heading to the moon,Discussion about Solana,2025-10-03 02:12:33.833324,CryptoCurrency
SOL market undecided,Discussion about memecoin,2025-10-03 01:51:26.833330,CryptoCurrency
whales is pumping!,Discussion about blockchain,2025-10-03 14:47:31.833335,CryptoCurrency
whales massive upside potential,Discussion about altcoins,2025-10-03 18:55:46.833340,CryptoCurrency
whales is pumping!,Discussion about crypto,2025-10-03 03:47:37.833345,CryptoCurrency
BTC heading to the moon,Discussion about Ethereum,2025-10-03 13:51:08.833351,CryptoCurrency
whales is crashing...,Discussion about altcoins,2025-10-02 22:05:08.833356,CryptoCurrency
crypto still evaluating trends,Discussion about whales,2025-10-02 22:37:37.833362,CryptoCurrency
Ethereum interesting on-chain data,Discussion about altcoins,2025-10-03 01:27:14.833367,CryptoCurrency
Ethereum weak support levels,Discussion about volatility,2025-10-03 03:31:29.833372,CryptoCurrency
bear market looks strong today,Discussion about volatility,2025-10-03 10:40:35.833377,CryptoCurrency
Solana market looks shaky,Discussion about crypto,2025-10-03 17:16:05.833383,CryptoCurrency
altcoins looks strong today,Discussion about memecoin,2025-10-03 07:21:22.833388,CryptoCurrency
BTC weak support levels,Discussion about volatility,2025-10-02 21:27:40.833393,CryptoCurrency
altcoins heading to the moon,Discussion about blockchain,2025-10-03 16:52:38.833398,CryptoCurrency
Solana interesting on-chain data,Discussion about crypto,2025-10-03 11:32:22.833404,CryptoCurrency
Bitcoin bullish setup,Discussion about blockchain,2025-10-03 11:13:52.833409,CryptoCurrency
crypto market undecided,Discussion about volatility,2025-10-03 11:08:41.833414,CryptoCurrency
altcoins bearish signal,Discussion about crypto,2025-10-03 00:25:00.833420,CryptoCurrency
bull market interesting on-chain data,Discussion about Bitcoin,2025-10-03 15:54:07.833425,CryptoCurrency
bear market still evaluating trends,Discussion about bull market,2025-10-03 09:42:16.833430,CryptoCurrency
Solana weak support levels,Discussion about blockchain,2025-10-03 19:59:50.833435,CryptoCurrency
BTC still evaluating trends,Discussion about halving,2025-10-03 06:39:59.833441,CryptoCurrency
whales still evaluating trends,Discussion about crypto,2025-10-03 05:02:34.833446,CryptoCurrency
ETH bullish setup,Discussion about whales,2025-10-03 13:33:37.833451,CryptoCurrency
Bitcoin looks strong today,Discussion about ETH,2025-10-03 02:51:13.833457,CryptoCurrency
volatility still evaluating trends,Discussion about halving,2025-10-03 04:59:28.833464,CryptoCurrency
halving bullish setup,Discussion about Bitcoin,2025-10-02 22:33:48.833471,CryptoCurrency
volatility solid volume today,Discussion about Solana,2025-10-03 19:24:55.833478,CryptoCurrency
liquidity trading sideways,Discussion about SOL,2025-10-03 07:16:25.833483,CryptoCurrency
bull market bearish signal,Discussion about liquidity,2025-10-03 06:39:53.833489,CryptoCurrency
memecoin weak support levels,Discussion about Bitcoin,2025-10-03 04:10:07.833494,CryptoCurrency
bull market massive upside potential,Discussion about halving,2025-10-03 18:07:11.833500,CryptoCurrency
bull market still evaluating trends,Discussion about volatility,2025-10-03 01:25:33.833505,CryptoCurrency
volatility solid volume today,Discussion about SOL,2025-10-03 13:28:04.833510,CryptoCurrency
Bitcoin huge breakout coming,Discussion about SOL,2025-10-02 21:15:26.833516,CryptoCurrency
bull market massive upside potential,Discussion about whales,2025-10-03 12:03:26.833521,CryptoCurrency
memecoin huge breakout coming,Discussion about bull market,2025-10-03 19:27:51.833526,CryptoCurrency
whales market undecided,Discussion about Solana,2025-10-02 22:32:15.833532,CryptoCurrency
liquidity bullish setup,Discussion about Ethereum,2025-10-03 09:56:23.833539,CryptoCurrency
ETH is pumping!,Discussion about bear market,2025-10-03 04:20:23.833546,CryptoCurrency
Ethereum bullish setup,Discussion about bear market,2025-10-03 12:55:41.833552,CryptoCurrency
ETH bearish signal,Discussion about altcoins,2025-10-03 02:41:49.833558,CryptoCurrency
SOL solid volume today,Discussion about volatility,2025-10-03 04:25:45.833563,CryptoCurrency
halving trading sideways,Discussion about SOL,2025-10-03 10:07:10.833568,CryptoCurrency
SOL major dump happening,Discussion about halving,2025-10-03 04:25:54.833573,CryptoCurrency
Ethereum bullish setup,Discussion about whales,2025-10-03 14:15:31.833579,CryptoCurrency
crypto weak support levels,Discussion about Ethereum,2025-10-03 12:11:53.833584,CryptoCurrency
altcoins bearish signal,Discussion about BTC,2025-10-03 11:17:20.833589,CryptoCurrency
bull market market undecided,Discussion about liquidity,2025-10-02 21:18:13.833595,CryptoCurrency
halving sell-off incoming,Discussion about Bitcoin,2025-10-03 00:36:42.833600,CryptoCurrency
blockchain market undecided,Discussion about ETH,2025-10-03 11:50:02.833605,CryptoCurrency
halving looks strong today,Discussion about altcoins,2025-10-02 23:39:51.833610,CryptoCurrency
liquidity massive upside potential,Discussion about liquidity,2025-10-02 21:19:28.833629,CryptoCurrency
ETH heading to the moon,Discussion about Solana,2025-10-03 20:11:57.833653,CryptoCurrency
crypto sell-off incoming,Discussion about blockchain,2025-10-03 12:13:19.833663,CryptoCurrency
SOL massive upside potential,Discussion about bull market,2025-10-03 06:00:06.833671,CryptoCurrency
Solana market looks shaky,Discussion about halving,2025-10-03 18:02:34.833677,CryptoCurrency
crypto market looks shaky,Discussion about SOL,2025-10-03 14:05:06.833716,CryptoCurrency
Solana market undecided,Discussion about Ethereum,2025-10-03 10:09:37.833733,CryptoCurrency
BTC market looks shaky,Discussion about liquidity,2025-10-03 11:40:41.833746,CryptoCurrency
Bitcoin is pumping!,Discussion about Solana,2025-10-03 03:50:25.833760,CryptoCurrency
Ethereum looks strong today,Discussion about bear market,2025-10-02 21:38:25.833799,CryptoCurrency
memecoin looks strong today,Discussion about Ethereum,2025-10-03 02:05:46.833815,CryptoCurrency
altcoins massive upside potential,Discussion about Bitcoin,2025-10-03 12:19:31.833824,CryptoCurrency
memecoin bullish setup,Discussion about halving,2025-10-03 18:02:49.833831,CryptoCurrency
altcoins massive upside potential,Discussion about liquidity,2025-10-03 13:27:21.833906,CryptoCurrency
memecoin looks strong today,Discussion about crypto,2025-10-02 21:17:00.833920,CryptoCurrency
